{
    "name": "root",
    "gauges": {
        "AgentControl.Policy.Entropy.mean": {
            "value": 1.4289129972457886,
            "min": 1.4198307991027832,
            "max": 1.4299236536026,
            "count": 10
        },
        "AgentControl.Policy.Entropy.sum": {
            "value": 71348.484375,
            "min": 70977.0625,
            "max": 71568.6171875,
            "count": 10
        },
        "AgentControl.Environment.EpisodeLength.mean": {
            "value": 67.4625850340136,
            "min": 67.4625850340136,
            "max": 1295.5945945945946,
            "count": 10
        },
        "AgentControl.Environment.EpisodeLength.sum": {
            "value": 39668.0,
            "min": 39668.0,
            "max": 56890.0,
            "count": 10
        },
        "AgentControl.Step.mean": {
            "value": 499947.0,
            "min": 49995.0,
            "max": 499947.0,
            "count": 10
        },
        "AgentControl.Step.sum": {
            "value": 499947.0,
            "min": 49995.0,
            "max": 499947.0,
            "count": 10
        },
        "AgentControl.Policy.ExtrinsicValueEstimate.mean": {
            "value": -7.989315509796143,
            "min": -7.989315509796143,
            "max": -1.5069541931152344,
            "count": 10
        },
        "AgentControl.Policy.ExtrinsicValueEstimate.sum": {
            "value": -9850.826171875,
            "min": -9850.826171875,
            "max": -1202.5494384765625,
            "count": 10
        },
        "AgentControl.Environment.CumulativeReward.mean": {
            "value": -13.190725679389368,
            "min": -13.190725679389368,
            "max": -2.73015745718589,
            "count": 10
        },
        "AgentControl.Environment.CumulativeReward.sum": {
            "value": -7769.337425160338,
            "min": -7769.337425160338,
            "max": -101.01582591587794,
            "count": 10
        },
        "AgentControl.Policy.ExtrinsicReward.mean": {
            "value": -13.190725679389368,
            "min": -13.190725679389368,
            "max": -2.73015745718589,
            "count": 10
        },
        "AgentControl.Policy.ExtrinsicReward.sum": {
            "value": -7769.337425160338,
            "min": -7769.337425160338,
            "max": -101.01582591587794,
            "count": 10
        },
        "AgentControl.Losses.PolicyLoss.mean": {
            "value": 0.024767065265526373,
            "min": 0.022241384523610273,
            "max": 0.025421128988576434,
            "count": 10
        },
        "AgentControl.Losses.PolicyLoss.sum": {
            "value": 0.12383532632763186,
            "min": 0.09959582906837264,
            "max": 0.1265904122032225,
            "count": 10
        },
        "AgentControl.Losses.ValueLoss.mean": {
            "value": 4.311582243442535,
            "min": 0.9506360252698262,
            "max": 4.311582243442535,
            "count": 10
        },
        "AgentControl.Losses.ValueLoss.sum": {
            "value": 21.557911217212677,
            "min": 4.753180126349131,
            "max": 21.557911217212677,
            "count": 10
        },
        "AgentControl.Policy.LearningRate.mean": {
            "value": 1.6580014473359997e-05,
            "min": 1.6580014473359997e-05,
            "max": 0.00028462425512524995,
            "count": 10
        },
        "AgentControl.Policy.LearningRate.sum": {
            "value": 8.29000723668e-05,
            "min": 8.29000723668e-05,
            "max": 0.0012845226718258,
            "count": 10
        },
        "AgentControl.Policy.Epsilon.mean": {
            "value": 0.10552664,
            "min": 0.10552664,
            "max": 0.19487475000000004,
            "count": 10
        },
        "AgentControl.Policy.Epsilon.sum": {
            "value": 0.5276332,
            "min": 0.5001818,
            "max": 0.9281742000000002,
            "count": 10
        },
        "AgentControl.Policy.Beta.mean": {
            "value": 0.00028577933600000007,
            "min": 0.00028577933600000007,
            "max": 0.0047442500250000005,
            "count": 10
        },
        "AgentControl.Policy.Beta.sum": {
            "value": 0.0014288966800000003,
            "min": 0.0014288966800000003,
            "max": 0.021415892580000005,
            "count": 10
        },
        "AgentControl.IsTraining.mean": {
            "value": 1.0,
            "min": 1.0,
            "max": 1.0,
            "count": 10
        },
        "AgentControl.IsTraining.sum": {
            "value": 1.0,
            "min": 1.0,
            "max": 1.0,
            "count": 10
        }
    },
    "metadata": {
        "timer_format_version": "0.1.0",
        "start_time_seconds": "1710521269",
        "python_version": "3.10.12 | packaged by Anaconda, Inc. | (main, Jul  5 2023, 19:01:18) [MSC v.1916 64 bit (AMD64)]",
        "command_line_arguments": "D:\\Anaconda\\envs\\mlagents\\Scripts\\mlagents-learn --run-id =RigidBodyMovementTest --force",
        "mlagents_version": "1.0.0",
        "mlagents_envs_version": "1.0.0",
        "communication_protocol_version": "1.5.0",
        "pytorch_version": "1.13.1+cu117",
        "numpy_version": "1.23.1",
        "end_time_seconds": "1710521833"
    },
    "total": 563.9211574000001,
    "count": 1,
    "self": 0.005572300000494579,
    "children": {
        "run_training.setup": {
            "total": 0.028896699997858377,
            "count": 1,
            "self": 0.028896699997858377
        },
        "TrainerController.start_learning": {
            "total": 563.8866884000017,
            "count": 1,
            "self": 0.6875184997843462,
            "children": {
                "TrainerController._reset_env": {
                    "total": 12.551009499999054,
                    "count": 1,
                    "self": 12.551009499999054
                },
                "TrainerController.advance": {
                    "total": 550.5963688002157,
                    "count": 57983,
                    "self": 0.6624475999778952,
                    "children": {
                        "env_step": {
                            "total": 429.8137857996953,
                            "count": 57983,
                            "self": 281.73670429982667,
                            "children": {
                                "SubprocessEnvManager._take_step": {
                                    "total": 147.62447119975695,
                                    "count": 57983,
                                    "self": 2.170681799936574,
                                    "children": {
                                        "TorchPolicy.evaluate": {
                                            "total": 145.45378939982038,
                                            "count": 55579,
                                            "self": 145.45378939982038
                                        }
                                    }
                                },
                                "workers": {
                                    "total": 0.4526103001117008,
                                    "count": 57983,
                                    "self": 0.0,
                                    "children": {
                                        "worker_root": {
                                            "total": 552.9142792003804,
                                            "count": 57983,
                                            "is_parallel": true,
                                            "self": 312.4594476001148,
                                            "children": {
                                                "steps_from_proto": {
                                                    "total": 0.00045899999895482324,
                                                    "count": 1,