{
    "name": "root",
    "gauges": {
        "AgentControl.Policy.Entropy.mean": {
            "value": 1.3078203201293945,
            "min": 1.3078203201293945,
            "max": 1.4168448448181152,
            "count": 80
        },
        "AgentControl.Policy.Entropy.sum": {
            "value": 65325.625,
            "min": 65088.73828125,
            "max": 71323.96875,
            "count": 80
        },
        "AgentControl.Environment.EpisodeLength.mean": {
            "value": 45.1865189289012,
            "min": 40.90810359231412,
            "max": 127.39331619537275,
            "count": 80
        },
        "AgentControl.Environment.EpisodeLength.sum": {
            "value": 48937.0,
            "min": 47782.0,
            "max": 50250.0,
            "count": 80
        },
        "AgentControl.Step.mean": {
            "value": 3999945.0,
            "min": 49972.0,
            "max": 3999945.0,
            "count": 80
        },
        "AgentControl.Step.sum": {
            "value": 3999945.0,
            "min": 49972.0,
            "max": 3999945.0,
            "count": 80
        },
        "AgentControl.Policy.ExtrinsicValueEstimate.mean": {
            "value": -1.1545621156692505,
            "min": -7.253369331359863,
            "max": -0.8383385539054871,
            "count": 80
        },
        "AgentControl.Policy.ExtrinsicValueEstimate.sum": {
            "value": -1790.725830078125,
            "min": -7608.7841796875,
            "max": -1298.58642578125,
            "count": 80
        },
        "AgentControl.Environment.CumulativeReward.mean": {
            "value": -2.8658115632749497,
            "min": -17.434340696956355,
            "max": -2.442195307462993,
            "count": 80
        },
        "AgentControl.Environment.CumulativeReward.sum": {
            "value": -3103.6739230267704,
            "min": -16121.106273943698,
            "max": -2661.2906755518634,
            "count": 80
        },
        "AgentControl.Policy.ExtrinsicReward.mean": {
            "value": -2.8658115632749497,
            "min": -17.434340696956355,
            "max": -2.442195307462993,
            "count": 80
        },
        "AgentControl.Policy.ExtrinsicReward.sum": {
            "value": -3103.6739230267704,
            "min": -16121.106273943698,
            "max": -2661.2906755518634,
            "count": 80
        },
        "AgentControl.Losses.PolicyLoss.mean": {
            "value": 0.02267001944691098,
            "min": 0.020771228340890957,
            "max": 0.027188486559704565,
            "count": 80
        },
        "AgentControl.Losses.PolicyLoss.sum": {
            "value": 0.1133500972345549,
            "min": 0.08308491336356383,
            "max": 0.13594243279852283,
            "count": 80
        },
        "AgentControl.Losses.ValueLoss.mean": {
            "value": 17.37879695892334,
            "min": 5.456750095685324,
            "max": 66.98902851740519,
            "count": 80
        },
        "AgentControl.Losses.ValueLoss.sum": {
            "value": 86.8939847946167,
            "min": 27.28375047842662,
            "max": 278.9483944892883,
            "count": 80
        },
        "AgentControl.Policy.LearningRate.mean": {
            "value": 1.9104693632100007e-06,
            "min": 1.9104693632100007e-06,
            "max": 0.0002980764943911687,
            "count": 80
        },
        "AgentControl.Policy.LearningRate.sum": {
            "value": 9.552346816050004e-06,
            "min": 9.552346816050004e-06,
            "max": 0.0014730602339799246,
            "count": 80
        },
        "AgentControl.Policy.Epsilon.mean": {
            "value": 0.10063678999999999,
            "min": 0.10063678999999999,
            "max": 0.19935883125000003,
            "count": 80
        },
        "AgentControl.Policy.Epsilon.sum": {
            "value": 0.5031839499999999,
            "min": 0.4174407500000001,
            "max": 0.9910200750000001,
            "count": 80
        },
        "AgentControl.Policy.Beta.mean": {
            "value": 4.1775821000000025e-05,
            "min": 4.1775821000000025e-05,
            "max": 0.004968005679375,
            "count": 80
        },
        "AgentControl.Policy.Beta.sum": {
            "value": 0.00020887910500000013,
            "min": 0.00020887910500000013,
            "max": 0.024551901742499993,
            "count": 80
        },
        "AgentControl.IsTraining.mean": {
            "value": 1.0,
            "min": 1.0,
            "max": 1.0,
            "count": 80
        },
        "AgentControl.IsTraining.sum": {
            "value": 1.0,
            "min": 1.0,
            "max": 1.0,
            "count": 80
        },
        "EnemyControl.Policy.Entropy.mean": {
            "value": 1.3524878025054932,
            "min": 1.3524878025054932,
            "max": 1.4196420907974243,
            "count": 80
        },
        "EnemyControl.Policy.Entropy.sum": {
            "value": 67536.4765625,
            "min": 67415.0859375,
            "max": 71452.71875,
            "count": 80
        },
        "EnemyControl.Environment.EpisodeLength.mean": {
            "value": 66.5679347826087,
            "min": 60.39657282741738,
            "max": 139.16011235955057,
            "count": 80
        },
        "EnemyControl.Environment.EpisodeLength.sum": {
            "value": 48994.0,
            "min": 48125.0,
            "max": 50386.0,
            "count": 80
        },
        "EnemyControl.Step.mean": {
            "value": 3999968.0,
            "min": 49985.0,
            "max": 3999968.0,
            "count": 80
        },
        "EnemyControl.Step.sum": {
            "value": 3999968.0,
            "min": 49985.0,
            "max": 3999968.0,
            "count": 80
        },
        "EnemyControl.Policy.ExtrinsicValueEstimate.mean": {
            "value": 0.1446186900138855,
            "min": -8.233196258544922,
            "max": 2.861748695373535,
            "count": 80
        },
        "EnemyControl.Policy.ExtrinsicValueEstimate.sum": {
            "value": 179.4718017578125,
            "min": -8233.1962890625,
            "max": 3339.66064453125,
            "count": 80
        },
        "EnemyControl.Environment.CumulativeReward.mean": {
            "value": -0.2658532921221036,
            "min": -30.756761537379873,
            "max": 4.126206366789086,
            "count": 80
        },
        "EnemyControl.Environment.CumulativeReward.sum": {
            "value": -195.66802300186828,
            "min": -17838.921691680327,
            "max": 2636.6458683782257,
            "count": 80
        },
        "EnemyControl.Policy.ExtrinsicReward.mean": {
            "value": -0.2658532921221036,
            "min": -30.756761537379873,
            "max": 4.126206366789086,
            "count": 80
        },
        "EnemyControl.Policy.ExtrinsicReward.sum": {
            "value": -195.66802300186828,
            "min": -17838.921691680327,
            "max": 2636.6458683782257,
            "count": 80
        },
        "EnemyControl.Losses.PolicyLoss.mean": {
            "value": 0.024096720110901516,
            "min": 0.019032369521737563,
            "max": 0.026119666519807648,
            "count": 80
        },
        "EnemyControl.Losses.PolicyLoss.sum": {
            "value": 0.12048360055450757,
            "min": 0.08889726977116273,
            "max": 0.13059833259903825,
            "count": 80
        },
        "EnemyControl.Losses.ValueLoss.mean": {
            "value": 20.486772473653158,
            "min": 10.038216775258382,
            "max": 165.0776732635498,
            "count": 80
        },
        "EnemyControl.Losses.ValueLoss.sum": {
            "value": 102.43386236826579,
            "min": 50.19108387629191,
            "max": 825.388366317749,
            "count": 80
        },