{
    "name": "root",
    "gauges": {
        "AgentControl.Policy.Entropy.mean": {
            "value": 1.4205811023712158,
            "min": 1.4205811023712158,
            "max": 1.4205811023712158,
            "count": 1
        },
        "AgentControl.Policy.Entropy.sum": {
            "value": 71512.0546875,
            "min": 71512.0546875,
            "max": 71512.0546875,
            "count": 1
        },
        "AgentControl.Environment.EpisodeLength.mean": {
            "value": 226.53513513513514,
            "min": 226.53513513513514,
            "max": 226.53513513513514,
            "count": 1
        },
        "AgentControl.Environment.EpisodeLength.sum": {
            "value": 41909.0,
            "min": 41909.0,
            "max": 41909.0,
            "count": 1
        },
        "AgentControl.Step.mean": {
            "value": 49966.0,
            "min": 49966.0,
            "max": 49966.0,
            "count": 1
        },
        "AgentControl.Step.sum": {
            "value": 49966.0,
            "min": 49966.0,
            "max": 49966.0,
            "count": 1
        },
        "AgentControl.Policy.ExtrinsicValueEstimate.mean": {
            "value": -0.6125558614730835,
            "min": -0.6125558614730835,
            "max": -0.6125558614730835,
            "count": 1
        },
        "AgentControl.Policy.ExtrinsicValueEstimate.sum": {
            "value": -551.912841796875,
            "min": -551.912841796875,
            "max": -551.912841796875,
            "count": 1
        },
        "AgentControl.Environment.CumulativeReward.mean": {
            "value": -2.3945945945945946,
            "min": -2.3945945945945946,
            "max": -2.3945945945945946,
            "count": 1
        },
        "AgentControl.Environment.CumulativeReward.sum": {
            "value": -443.0,
            "min": -443.0,
            "max": -443.0,
            "count": 1
        },
        "AgentControl.Policy.ExtrinsicReward.mean": {
            "value": -2.3945945945945946,
            "min": -2.3945945945945946,
            "max": -2.3945945945945946,
            "count": 1
        },
        "AgentControl.Policy.ExtrinsicReward.sum": {
            "value": -443.0,
            "min": -443.0,
            "max": -443.0,
            "count": 1
        },
        "AgentControl.Losses.PolicyLoss.mean": {
            "value": 0.021948743927835798,
            "min": 0.021948743927835798,
            "max": 0.021948743927835798,
            "count": 1
        },
        "AgentControl.Losses.PolicyLoss.sum": {
            "value": 0.08779497571134319,
            "min": 0.08779497571134319,
            "max": 0.08779497571134319,
            "count": 1
        },
        "AgentControl.Losses.ValueLoss.mean": {
            "value": 0.17902206365639967,
            "min": 0.17902206365639967,
            "max": 0.17902206365639967,
            "count": 1
        },
        "AgentControl.Losses.ValueLoss.sum": {
            "value": 0.7160882546255987,
            "min": 0.7160882546255987,
            "max": 0.7160882546255987,
            "count": 1
        },
        "AgentControl.Policy.LearningRate.mean": {
            "value": 0.00028458075513975,
            "min": 0.00028458075513975,
            "max": 0.00028458075513975,
            "count": 1
        },
        "AgentControl.Policy.LearningRate.sum": {
            "value": 0.001138323020559,
            "min": 0.001138323020559,
            "max": 0.001138323020559,
            "count": 1
        },
        "AgentControl.Policy.Epsilon.mean": {
            "value": 0.19486025,
            "min": 0.19486025,
            "max": 0.19486025,
            "count": 1
        },
        "AgentControl.Policy.Epsilon.sum": {
            "value": 0.779441,
            "min": 0.779441,
            "max": 0.779441,
            "count": 1
        },
        "AgentControl.Policy.Beta.mean": {
            "value": 0.004743526475000001,
            "min": 0.004743526475000001,
            "max": 0.004743526475000001,
            "count": 1
        },
        "AgentControl.Policy.Beta.sum": {
            "value": 0.018974105900000003,
            "min": 0.018974105900000003,
            "max": 0.018974105900000003,
            "count": 1
        },
        "AgentControl.IsTraining.mean": {
            "value": 1.0,
            "min": 1.0,
            "max": 1.0,
            "count": 1
        },
        "AgentControl.IsTraining.sum": {
            "value": 1.0,
            "min": 1.0,
            "max": 1.0,
            "count": 1
        }
    },
    "metadata": {
        "timer_format_version": "0.1.0",
        "start_time_seconds": "1710450904",
        "python_version": "3.10.12 | packaged by Anaconda, Inc. | (main, Jul  5 2023, 19:01:18) [MSC v.1916 64 bit (AMD64)]",
        "command_line_arguments": "D:\\Anaconda\\envs\\mlagents\\Scripts\\mlagents-learn --run-id =NewLocomotion3DTest --force",
        "mlagents_version": "1.0.0",
        "mlagents_envs_version": "1.0.0",
        "communication_protocol_version": "1.5.0",
        "pytorch_version": "1.13.1+cu117",
        "numpy_version": "1.23.1",
        "end_time_seconds": "1710451079"
    },
    "total": 175.90233029999945,
    "count": 1,
    "self": 0.006554399995366111,
    "children": {
        "run_training.setup": {
            "total": 0.0248745000026247,
            "count": 1,
            "self": 0.0248745000026247
        },
        "TrainerController.start_learning": {
            "total": 175.87090140000146,
            "count": 1,
            "self": 0.1292218001326546,
            "children": {
                "TrainerController._reset_env": {
                    "total": 11.355717400001595,
                    "count": 1,
                    "self": 11.355717400001595
                },
                "TrainerController.advance": {
                    "total": 164.266718299863,
                    "count": 7139,
                    "self": 0.10610340025959886,
                    "children": {
                        "env_step": {
                            "total": 142.66145959991263,
                            "count": 7139,
                            "self": 123.19731509995836,
                            "children": {
                                "SubprocessEnvManager._take_step": {
                                    "total": 19.392399600124918,
                                    "count": 7139,
                                    "self": 0.34327180013860925,
                                    "children": {
                                        "TorchPolicy.evaluate": {
                                            "total": 19.04912779998631,
                                            "count": 6921,
                                            "self": 19.04912779998631
                                        }
                                    }
                                },
                                "workers": {
                                    "total": 0.07174489982935484,
                                    "count": 7138,
                                    "self": 0.0,
                                    "children": {
                                        "worker_root": {
                                            "total": 98.85933850011497,
                                            "count": 7138,
                                            "is_parallel": true,
                                            "self": 51.59517610025068,
                                            "children": {
                                                "steps_from_proto": {
                                                    "total": 0.0005348000013327692,
                                                    "count": 1,
                                                    "is_parallel": true,
                                                    "self": 0.00020780000340892002,