{
    "name": "root",
    "gauges": {
        "AgentControl.Policy.Entropy.mean": {
            "value": 1.3959707021713257,
            "min": 1.39499831199646,
            "max": 1.4186110496520996,
            "count": 10
        },
        "AgentControl.Policy.Entropy.sum": {
            "value": 69703.609375,
            "min": 69548.9765625,
            "max": 71344.7890625,
            "count": 10
        },
        "AgentControl.Environment.EpisodeLength.mean": {
            "value": 17052.5,
            "min": 61.22781456953643,
            "max": 17052.5,
            "count": 10
        },
        "AgentControl.Environment.EpisodeLength.sum": {
            "value": 34105.0,
            "min": 9038.0,
            "max": 60534.0,
            "count": 10
        },
        "AgentControl.Step.mean": {
            "value": 499952.0,
            "min": 49990.0,
            "max": 499952.0,
            "count": 10
        },
        "AgentControl.Step.sum": {
            "value": 499952.0,
            "min": 49990.0,
            "max": 499952.0,
            "count": 10
        },
        "AgentControl.Policy.ExtrinsicValueEstimate.mean": {
            "value": 0.11415839940309525,
            "min": -2.200127363204956,
            "max": 0.1282656490802765,
            "count": 10
        },
        "AgentControl.Policy.ExtrinsicValueEstimate.sum": {
            "value": 89.27186584472656,
            "min": -2596.150390625,
            "max": 100.30374145507812,
            "count": 10
        },
        "AgentControl.Environment.CumulativeReward.mean": {
            "value": 0.0,
            "min": -2.6821192052980134,
            "max": 3.0,
            "count": 10
        },
        "AgentControl.Environment.CumulativeReward.sum": {
            "value": 0.0,
            "min": -2025.0,
            "max": 18.0,
            "count": 10
        },
        "AgentControl.Policy.ExtrinsicReward.mean": {
            "value": 0.0,
            "min": -2.6821192052980134,
            "max": 3.0,
            "count": 10
        },
        "AgentControl.Policy.ExtrinsicReward.sum": {
            "value": 0.0,
            "min": -2025.0,
            "max": 18.0,
            "count": 10
        },
        "AgentControl.Losses.PolicyLoss.mean": {
            "value": 0.02439027433749288,
            "min": 0.022470608369912954,
            "max": 0.026804735329933466,
            "count": 10
        },
        "AgentControl.Losses.PolicyLoss.sum": {
            "value": 0.12195137168746441,
            "min": 0.09559543766857437,
            "max": 0.13402367664966733,
            "count": 10
        },
        "AgentControl.Losses.ValueLoss.mean": {
            "value": 0.004501805424612636,
            "min": 0.004501805424612636,
            "max": 0.229443196952343,
            "count": 10
        },
        "AgentControl.Losses.ValueLoss.sum": {
            "value": 0.02250902712306318,
            "min": 0.02250902712306318,
            "max": 0.917772787809372,
            "count": 10
        },
        "AgentControl.Policy.LearningRate.mean": {
            "value": 1.6292734569120004e-05,
            "min": 1.6292734569120004e-05,
            "max": 0.00028461465512844995,
            "count": 10
        },
        "AgentControl.Policy.LearningRate.sum": {
            "value": 8.146367284560003e-05,
            "min": 8.146367284560003e-05,
            "max": 0.0012846048717984,
            "count": 10
        },
        "AgentControl.Policy.Epsilon.mean": {
            "value": 0.10543088,
            "min": 0.10543088,
            "max": 0.19487155000000006,
            "count": 10
        },
        "AgentControl.Policy.Epsilon.sum": {
            "value": 0.5271544,
            "min": 0.4999691999999999,
            "max": 0.9282016000000002,
            "count": 10
        },
        "AgentControl.Policy.Beta.mean": {
            "value": 0.00028100091200000015,
            "min": 0.00028100091200000015,
            "max": 0.004744090344999999,
            "count": 10
        },
        "AgentControl.Policy.Beta.sum": {
            "value": 0.0014050045600000009,
            "min": 0.0014050045600000009,
            "max": 0.02141725984,
            "count": 10
        },
        "AgentControl.IsTraining.mean": {
            "value": 1.0,
            "min": 1.0,
            "max": 1.0,
            "count": 10
        },
        "AgentControl.IsTraining.sum": {
            "value": 1.0,
            "min": 1.0,
            "max": 1.0,
            "count": 10
        }
    },
    "metadata": {
        "timer_format_version": "0.1.0",
        "start_time_seconds": "1710438344",
        "python_version": "3.10.12 | packaged by Anaconda, Inc. | (main, Jul  5 2023, 19:01:18) [MSC v.1916 64 bit (AMD64)]",
        "command_line_arguments": "D:\\Anaconda\\envs\\mlagents\\Scripts\\mlagents-learn --run-id =test3DMovement",
        "mlagents_version": "1.0.0",
        "mlagents_envs_version": "1.0.0",
        "communication_protocol_version": "1.5.0",
        "pytorch_version": "1.13.1+cu117",
        "numpy_version": "1.23.1",
        "end_time_seconds": "1710438718"
    },
    "total": 374.57093069999974,
    "count": 1,
    "self": 0.0064480999990337295,
    "children": {
        "run_training.setup": {
            "total": 0.02048800000011397,
            "count": 1,
            "self": 0.02048800000011397
        },
        "TrainerController.start_learning": {
            "total": 374.5439946000006,
            "count": 1,
            "self": 0.49874010009898484,
            "children": {
                "TrainerController._reset_env": {
                    "total": 6.359846999999718,
                    "count": 1,
                    "self": 6.359846999999718
                },
                "TrainerController.advance": {
                    "total": 367.63164779990166,
                    "count": 42375,
                    "self": 0.5224491998415033,
                    "children": {
                        "env_step": {
                            "total": 268.2616508000201,
                            "count": 42375,
                            "self": 155.550824100098,
                            "children": {
                                "SubprocessEnvManager._take_step": {
                                    "total": 112.38773249997212,
                                    "count": 42375,
                                    "self": 2.307090399943263,
                                    "children": {
                                        "TorchPolicy.evaluate": {
                                            "total": 110.08064210002885,
                                            "count": 41698,
                                            "self": 110.08064210002885
                                        }
                                    }
                                },
                                "workers": {
                                    "total": 0.3230941999499919,
                                    "count": 42375,
                                    "self": 0.0,
                                    "children": {
                                        "worker_root": {
                                            "total": 367.9528945000193,
                                            "count": 42375,
                                            "is_parallel": true,
                                            "self": 245.08650409994425,
                                            "children": {
                                                "steps_from_proto": {
                                                    "total": 0.000400600000830309,
                                                    "count": 1,
                                                    "is_parallel": true,
                                                    "self": 0.0001917000008688774,