{
    "name": "root",
    "gauges": {
        "AgentControl.Policy.Entropy.mean": {
            "value": 1.3004719018936157,
            "min": 1.3004719018936157,
            "max": 1.4214173555374146,
            "count": 10
        },
        "AgentControl.Policy.Entropy.sum": {
            "value": 65138.0390625,
            "min": 65138.0390625,
            "max": 71639.4375,
            "count": 10
        },
        "AgentControl.Environment.EpisodeLength.mean": {
            "value": 58.49580615097857,
            "min": 31.869015356820235,
            "max": 76.69565217391305,
            "count": 10
        },
        "AgentControl.Environment.EpisodeLength.sum": {
            "value": 62766.0,
            "min": 35279.0,
            "max": 62766.0,
            "count": 10
        },
        "AgentControl.Step.mean": {
            "value": 499966.0,
            "min": 49948.0,
            "max": 499966.0,
            "count": 10
        },
        "AgentControl.Step.sum": {
            "value": 499966.0,
            "min": 49948.0,
            "max": 499966.0,
            "count": 10
        },
        "AgentControl.Policy.ExtrinsicValueEstimate.mean": {
            "value": 3.7690224647521973,
            "min": -1.5280710458755493,
            "max": 3.9378082752227783,
            "count": 10
        },
        "AgentControl.Policy.ExtrinsicValueEstimate.sum": {
            "value": 5491.4658203125,
            "min": -2321.139892578125,
            "max": 6335.8330078125,
            "count": 10
        },
        "AgentControl.Environment.CumulativeReward.mean": {
            "value": 4.813606710158434,
            "min": -2.295124037639008,
            "max": 4.9394856278366115,
            "count": 10
        },
        "AgentControl.Environment.CumulativeReward.sum": {
            "value": 5165.0,
            "min": -2683.0,
            "max": 6530.0,
            "count": 10
        },
        "AgentControl.Policy.ExtrinsicReward.mean": {
            "value": 4.813606710158434,
            "min": -2.295124037639008,
            "max": 4.9394856278366115,
            "count": 10
        },
        "AgentControl.Policy.ExtrinsicReward.sum": {
            "value": 5165.0,
            "min": -2683.0,
            "max": 6530.0,
            "count": 10
        },
        "AgentControl.Losses.PolicyLoss.mean": {
            "value": 0.022407781711469094,
            "min": 0.02156476165012767,
            "max": 0.024787030663962165,
            "count": 10
        },
        "AgentControl.Losses.PolicyLoss.sum": {
            "value": 0.11203890855734547,
            "min": 0.08861812332955499,
            "max": 0.12393515331981082,
            "count": 10
        },
        "AgentControl.Losses.ValueLoss.mean": {
            "value": 0.26250189105669663,
            "min": 0.2020483004550139,
            "max": 1.2431007373332978,
            "count": 10
        },
        "AgentControl.Losses.ValueLoss.sum": {
            "value": 1.312509455283483,
            "min": 0.9203648080428442,
            "max": 6.215503686666489,
            "count": 10
        },
        "AgentControl.Policy.LearningRate.mean": {
            "value": 1.668585443808e-05,
            "min": 1.668585443808e-05,
            "max": 0.00028461825512725,
            "count": 10
        },
        "AgentControl.Policy.LearningRate.sum": {
            "value": 8.34292721904e-05,
            "min": 8.34292721904e-05,
            "max": 0.0012845286718237998,
            "count": 10
        },
        "AgentControl.Policy.Epsilon.mean": {
            "value": 0.10556192,
            "min": 0.10556192,
            "max": 0.19487275000000007,
            "count": 10
        },
        "AgentControl.Policy.Epsilon.sum": {
            "value": 0.5278096,
            "min": 0.5002306000000001,
            "max": 0.9281762000000001,
            "count": 10
        },
        "AgentControl.Policy.Beta.mean": {
            "value": 0.000287539808,
            "min": 0.000287539808,
            "max": 0.004744150225,
            "count": 10
        },
        "AgentControl.Policy.Beta.sum": {
            "value": 0.00143769904,
            "min": 0.00143769904,
            "max": 0.021415992380000002,
            "count": 10
        },
        "AgentControl.IsTraining.mean": {
            "value": 1.0,
            "min": 1.0,
            "max": 1.0,
            "count": 10
        },
        "AgentControl.IsTraining.sum": {
            "value": 1.0,
            "min": 1.0,
            "max": 1.0,
            "count": 10
        }
    },
    "metadata": {
        "timer_format_version": "0.1.0",
        "start_time_seconds": "1710457032",
        "python_version": "3.10.12 | packaged by Anaconda, Inc. | (main, Jul  5 2023, 19:01:18) [MSC v.1916 64 bit (AMD64)]",
        "command_line_arguments": "D:\\Anaconda\\envs\\mlagents\\Scripts\\mlagents-learn --run-id =3DAxisTest --force",
        "mlagents_version": "1.0.0",
        "mlagents_envs_version": "1.0.0",
        "communication_protocol_version": "1.5.0",
        "pytorch_version": "1.13.1+cu117",
        "numpy_version": "1.23.1",
        "end_time_seconds": "1710457832"
    },
    "total": 799.3016626999997,
    "count": 1,
    "self": 0.007336099999520229,
    "children": {
        "run_training.setup": {
            "total": 0.051120000000082655,
            "count": 1,
            "self": 0.051120000000082655
        },
        "TrainerController.start_learning": {
            "total": 799.2432066000001,
            "count": 1,
            "self": 0.962444100441644,
            "children": {
                "TrainerController._reset_env": {
                    "total": 46.114271800001006,
                    "count": 1,
                    "self": 46.114271800001006
                },
                "TrainerController.advance": {
                    "total": 752.0661383995612,
                    "count": 50134,
                    "self": 0.8247956998893642,
                    "children": {
                        "env_step": {
                            "total": 562.022379699818,
                            "count": 50134,
                            "self": 325.8826725998515,
                            "children": {
                                "SubprocessEnvManager._take_step": {
                                    "total": 235.57950590003747,
                                    "count": 50134,
                                    "self": 2.427480300200841,
                                    "children": {
                                        "TorchPolicy.evaluate": {
                                            "total": 233.15202559983663,
                                            "count": 41695,
                                            "self": 233.15202559983663
                                        }
                                    }
                                },
                                "workers": {
                                    "total": 0.5602011999289971,
                                    "count": 50134,
                                    "self": 0.0,
                                    "children": {
                                        "worker_root": {
                                            "total": 754.8256149997251,
                                            "count": 50134,
                                            "is_parallel": true,
                                            "self": 479.99978249964624,
                                            "children": {
                                                "steps_from_proto": {
                                                    "total": 0.000549600001249928,
                                                    "count": 1,
                                                    "is_parallel": true,
                                                    "self": 0.00020170000061625615,