{"count":1,"self":132.8445696,"total":136.3955853,"children":{"InitializeActuators":{"count":13,"self":0.0010011,"total":0.0010011,"children":null},"InitializeSensors":{"count":13,"self":0.0020028999999999997,"total":0.0020028999999999997,"children":null},"AgentSendState":{"count":6218,"self":0.5179744,"total":0.9448983,"children":{"CollectObservations":{"count":9952,"self":0.3879527,"total":0.3879527,"children":null},"WriteActionMask":{"count":9952,"self":0.0075166999999999994,"total":0.0075166999999999994,"children":null},"RequestDecision":{"count":9952,"self":0.031454499999999996,"total":0.031454499999999996,"children":null}}},"DecideAction":{"count":6218,"self":2.3477408,"total":2.4244192,"children":{"RayPerceptionSensor.Perceive":{"count":7464,"self":0.0766785,"total":0.0766785,"children":null}}},"AgentAct":{"count":6218,"self":0.17868799999999999,"total":0.17868799999999999,"children":null}},"gauges":{"Agent Control.CumulativeReward":{"count":508,"max":59.999794,"min":-49.99981,"runningAverage":6.65791368,"value":14.9991407,"weightedAverage":8.716395},"Enemy Control.CumulativeReward":{"count":29,"max":15.0888233,"min":-35.02156,"runningAverage":-10.3489466,"value":-10.1063347,"weightedAverage":-7.031343}},"metadata":{"timer_format_version":"0.1.0","start_time_seconds":"1711407343","unity_version":"2022.3.19f1","command_line_arguments":"D:\\Games\\Unity Hub\\Unity Engine\\2022.3.19f1\\Editor\\Unity.exe -openfile D:\\University\\Year_3\\CMP304\\Assessment\\TestProject\\Assets\\Scenes\\ExecutableScene.unity","communication_protocol_version":"1.5.0","com.unity.ml-agents_version":"3.0.0-exp.1","scene_name":"ExecutableScene","end_time_seconds":"1711407479"}}