{"count":1,"self":495.993856,"total":1797.3754964999998,"children":{"InitializeActuators":{"count":36,"self":0.0010016,"total":0.0010016,"children":null},"InitializeSensors":{"count":36,"self":0.0020015,"total":0.0020015,"children":null},"AgentSendState":{"count":555817,"self":132.7774336,"total":275.4292747,"children":{"CollectObservations":{"count":2000952,"self":118.59101439999999,"total":118.5910198,"children":null},"WriteActionMask":{"count":2000952,"self":0.9702812999999999,"total":0.9702812999999999,"children":null},"RequestDecision":{"count":2000952,"self":3.6428751999999998,"total":23.0905356,"children":{"AgentInfo.ToProto":{"count":2000952,"self":3.0104425999999997,"total":19.447660199999998,"children":{"GenerateSensorData":{"count":2000952,"self":12.280467199999999,"total":16.4372176,"children":{"RayPerceptionSensor.Perceive":{"count":2000952,"self":4.1567504,"total":4.1567505,"children":null}}}}}}}}},"DecideAction":{"count":555817,"self":1007.871488,"total":1007.8715159,"children":null},"AgentAct":{"count":555817,"self":17.7624688,"total":17.762469499999998,"children":null},"AgentInfo.ToProto":{"count":22837,"self":0.0716579,"total":0.3153798,"children":{"GenerateSensorData":{"count":22837,"self":0.20245939999999998,"total":0.2437219,"children":{"RayPerceptionSensor.Perceive":{"count":22837,"self":0.0412625,"total":0.0412625,"children":null}}}}}},"gauges":{"Agent Control.CumulativeReward":{"count":22837,"max":50.0267067,"min":-1724.99817,"runningAverage":-22.379406,"value":-9.927416,"weightedAverage":-4.22798634}},"metadata":{"timer_format_version":"0.1.0","start_time_seconds":"1711364304","unity_version":"2022.3.19f1","command_line_arguments":"D:\\Games\\Unity Hub\\Unity Engine\\2022.3.19f1\\Editor\\Unity.exe -projectpath D:\\University\\Year_3\\CMP304\\Assessment\\TestProject -useHub -hubIPC -cloudEnvironment production","communication_protocol_version":"1.5.0","com.unity.ml-agents_version":"3.0.0-exp.1","scene_name":"TestScene","end_time_seconds":"1711366101"}}