{
    "name": "root",
    "gauges": {
        "AgentControl.Policy.Entropy.mean": {
            "value": 1.422736644744873,
            "min": 1.4186457395553589,
            "max": 1.422736644744873,
            "count": 10
        },
        "AgentControl.Policy.Entropy.sum": {
            "value": 71005.9375,
            "min": 70855.046875,
            "max": 71508.265625,
            "count": 10
        },
        "AgentControl.Environment.EpisodeLength.mean": {
            "value": 12.181251622955077,
            "min": 11.927253558249868,
            "max": 212.08724832214764,
            "count": 10
        },
        "AgentControl.Environment.EpisodeLength.sum": {
            "value": 46910.0,
            "min": 36264.0,
            "max": 63202.0,
            "count": 10
        },
        "AgentControl.Step.mean": {
            "value": 499989.0,
            "min": 49967.0,
            "max": 499989.0,
            "count": 10
        },
        "AgentControl.Step.sum": {
            "value": 499989.0,
            "min": 49967.0,
            "max": 499989.0,
            "count": 10
        },
        "AgentControl.Policy.ExtrinsicValueEstimate.mean": {
            "value": 2.713892698287964,
            "min": -0.3083127439022064,
            "max": 2.713892698287964,
            "count": 10
        },
        "AgentControl.Policy.ExtrinsicValueEstimate.sum": {
            "value": 10804.0068359375,
            "min": -272.2401428222656,
            "max": 10804.0068359375,
            "count": 10
        },
        "AgentControl.Environment.CumulativeReward.mean": {
            "value": 3.0,
            "min": -0.9195979899497487,
            "max": 3.0,
            "count": 10
        },
        "AgentControl.Environment.CumulativeReward.sum": {
            "value": 11550.0,
            "min": -183.0,
            "max": 11550.0,
            "count": 10
        },
        "AgentControl.Policy.ExtrinsicReward.mean": {
            "value": 3.0,
            "min": -0.9195979899497487,
            "max": 3.0,
            "count": 10
        },
        "AgentControl.Policy.ExtrinsicReward.sum": {
            "value": 11550.0,
            "min": -183.0,
            "max": 11550.0,
            "count": 10
        },
        "AgentControl.Losses.PolicyLoss.mean": {
            "value": 0.024544851674339348,
            "min": 0.020564377030532342,
            "max": 0.02551463872310706,
            "count": 10
        },
        "AgentControl.Losses.PolicyLoss.sum": {
            "value": 0.12272425837169673,
            "min": 0.08326360721160503,
            "max": 0.1275731936155353,
            "count": 10
        },
        "AgentControl.Losses.ValueLoss.mean": {
            "value": 0.04901735002795855,
            "min": 0.04901735002795855,
            "max": 0.22880471721291543,
            "count": 10
        },
        "AgentControl.Losses.ValueLoss.sum": {
            "value": 0.24508675013979275,
            "min": 0.23151467877129714,
            "max": 1.144023586064577,
            "count": 10
        },
        "AgentControl.Policy.LearningRate.mean": {
            "value": 1.68804943732e-05,
            "min": 1.68804943732e-05,
            "max": 0.00028457505514165,
            "count": 10
        },
        "AgentControl.Policy.LearningRate.sum": {
            "value": 8.4402471866e-05,
            "min": 8.4402471866e-05,
            "max": 0.0012840306719898,
            "count": 10
        },
        "AgentControl.Policy.Epsilon.mean": {
            "value": 0.10562679999999999,
            "min": 0.10562679999999999,
            "max": 0.19485835,
            "count": 10
        },
        "AgentControl.Policy.Epsilon.sum": {
            "value": 0.528134,
            "min": 0.5003793999999999,
            "max": 0.9280102,
            "count": 10
        },
        "AgentControl.Policy.Beta.mean": {
            "value": 0.00029077732000000006,
            "min": 0.00029077732000000006,
            "max": 0.004743431665000001,
            "count": 10
        },
        "AgentControl.Policy.Beta.sum": {
            "value": 0.0014538866000000004,
            "min": 0.0014538866000000004,
            "max": 0.021407708980000002,
            "count": 10
        },
        "AgentControl.IsTraining.mean": {
            "value": 1.0,
            "min": 1.0,
            "max": 1.0,
            "count": 10
        },
        "AgentControl.IsTraining.sum": {
            "value": 1.0,
            "min": 1.0,
            "max": 1.0,
            "count": 10
        }
    },
    "metadata": {
        "timer_format_version": "0.1.0",
        "start_time_seconds": "1710437165",
        "python_version": "3.10.12 | packaged by Anaconda, Inc. | (main, Jul  5 2023, 19:01:18) [MSC v.1916 64 bit (AMD64)]",
        "command_line_arguments": "D:\\Anaconda\\envs\\mlagents\\Scripts\\mlagents-learn --run-id =test2DMovement",
        "mlagents_version": "1.0.0",
        "mlagents_envs_version": "1.0.0",
        "communication_protocol_version": "1.5.0",
        "pytorch_version": "1.13.1+cu117",
        "numpy_version": "1.23.1",
        "end_time_seconds": "1710437641"
    },
    "total": 475.69076670000004,
    "count": 1,
    "self": 0.0063083000000005995,
    "children": {
        "run_training.setup": {
            "total": 0.020526199999949313,
            "count": 1,
            "self": 0.020526199999949313
        },
        "TrainerController.start_learning": {
            "total": 475.6639322000001,
            "count": 1,
            "self": 0.8069550999380226,
            "children": {
                "TrainerController._reset_env": {
                    "total": 6.618182900000193,
                    "count": 1,
                    "self": 6.618182900000193
                },
                "TrainerController.advance": {
                    "total": 468.02911030006135,
                    "count": 60092,
                    "self": 0.766272200093681,
                    "children": {
                        "env_step": {
                            "total": 321.1001414999391,
                            "count": 60092,
                            "self": 202.3875081999754,
                            "children": {
                                "SubprocessEnvManager._take_step": {
                                    "total": 118.20443599993405,
                                    "count": 60092,
                                    "self": 1.9302785000186304,
                                    "children": {
                                        "TorchPolicy.evaluate": {
                                            "total": 116.27415749991542,
                                            "count": 41676,
                                            "self": 116.27415749991542
                                        }
                                    }
                                },
                                "workers": {
                                    "total": 0.5081973000296784,
                                    "count": 60092,
                                    "self": 0.0,
                                    "children": {
                                        "worker_root": {
                                            "total": 468.3625831001086,
                                            "count": 60092,
                                            "is_parallel": true,
                                            "self": 311.0445570001252,
                                            "children": {
                                                "steps_from_proto": {
                                                    "total": 0.0004225000002406887,
                                                    "count": 1,
                                                    "is_parallel": true,
                                                    "self": 0.00018330000011701486,