{
    "name": "root",
    "gauges": {
        "AgentControl.Policy.Entropy.mean": {
            "value": 1.4016876220703125,
            "min": 1.4016876220703125,
            "max": 1.4263063669204712,
            "count": 20
        },
        "AgentControl.Policy.Entropy.sum": {
            "value": 70317.0625,
            "min": 70148.125,
            "max": 71640.65625,
            "count": 20
        },
        "AgentControl.Environment.EpisodeLength.mean": {
            "value": 139.8148148148148,
            "min": 47.65581854043393,
            "max": 287.4842767295597,
            "count": 20
        },
        "AgentControl.Environment.EpisodeLength.sum": {
            "value": 37750.0,
            "min": 31783.0,
            "max": 52787.0,
            "count": 20
        },
        "AgentControl.Step.mean": {
            "value": 999993.0,
            "min": 49991.0,
            "max": 999993.0,
            "count": 20
        },
        "AgentControl.Step.sum": {
            "value": 999993.0,
            "min": 49991.0,
            "max": 999993.0,
            "count": 20
        },
        "AgentControl.Policy.ExtrinsicValueEstimate.mean": {
            "value": 11.01230239868164,
            "min": -7.032551288604736,
            "max": 11.01230239868164,
            "count": 20
        },
        "AgentControl.Policy.ExtrinsicValueEstimate.sum": {
            "value": 10296.5029296875,
            "min": -7271.658203125,
            "max": 10296.5029296875,
            "count": 20
        },
        "AgentControl.Environment.CumulativeReward.mean": {
            "value": 29.766201946656736,
            "min": -13.4753688273711,
            "max": 38.20144663261217,
            "count": 20
        },
        "AgentControl.Environment.CumulativeReward.sum": {
            "value": 8036.874525597319,
            "min": -13650.548622126924,
            "max": 8036.874525597319,
            "count": 20
        },
        "AgentControl.Policy.ExtrinsicReward.mean": {
            "value": 29.766201946656736,
            "min": -13.4753688273711,
            "max": 38.20144663261217,
            "count": 20
        },
        "AgentControl.Policy.ExtrinsicReward.sum": {
            "value": 8036.874525597319,
            "min": -13650.548622126924,
            "max": 8036.874525597319,
            "count": 20
        },
        "AgentControl.Losses.PolicyLoss.mean": {
            "value": 0.023755273238639345,
            "min": 0.020868020399842258,
            "max": 0.027788331606425343,
            "count": 20
        },
        "AgentControl.Losses.PolicyLoss.sum": {
            "value": 0.11877636619319673,
            "min": 0.08470064682139006,
            "max": 0.1389416580321267,
            "count": 20
        },
        "AgentControl.Losses.ValueLoss.mean": {
            "value": 6.426086079279583,
            "min": 1.1023787645498913,
            "max": 16.895816516876224,
            "count": 20
        },
        "AgentControl.Losses.ValueLoss.sum": {
            "value": 32.13043039639791,
            "min": 4.902343140045803,
            "max": 67.5832660675049,
            "count": 20
        },
        "AgentControl.Policy.LearningRate.mean": {
            "value": 7.162297612599999e-06,
            "min": 7.162297612599999e-06,
            "max": 0.00029231205256265,
            "count": 20
        },
        "AgentControl.Policy.LearningRate.sum": {
            "value": 3.5811488062999995e-05,
            "min": 3.5811488062999995e-05,
            "max": 0.0013922775359075,
            "count": 20
        },
        "AgentControl.Policy.Epsilon.mean": {
            "value": 0.10238739999999999,
            "min": 0.10238739999999999,
            "max": 0.19743734999999998,
            "count": 20
        },
        "AgentControl.Policy.Epsilon.sum": {
            "value": 0.511937,
            "min": 0.4898089,
            "max": 0.9640925000000002,
            "count": 20
        },
        "AgentControl.Policy.Beta.mean": {
            "value": 0.00012913126,
            "min": 0.00012913126,
            "max": 0.004872123765,
            "count": 20
        },
        "AgentControl.Policy.Beta.sum": {
            "value": 0.0006456563000000001,
            "min": 0.0006456563000000001,
            "max": 0.02320821575,
            "count": 20
        },
        "AgentControl.IsTraining.mean": {
            "value": 1.0,
            "min": 1.0,
            "max": 1.0,
            "count": 20
        },
        "AgentControl.IsTraining.sum": {
            "value": 1.0,
            "min": 1.0,
            "max": 1.0,
            "count": 20
        }
    },
    "metadata": {
        "timer_format_version": "0.1.0",
        "start_time_seconds": "1710531779",
        "python_version": "3.10.12 | packaged by Anaconda, Inc. | (main, Jul  5 2023, 19:01:18) [MSC v.1916 64 bit (AMD64)]",
        "command_line_arguments": "D:\\Anaconda\\envs\\mlagents\\Scripts\\mlagents-learn ./configuration.yaml --run-id =NewMovement3DTes --force",
        "mlagents_version": "1.0.0",
        "mlagents_envs_version": "1.0.0",
        "communication_protocol_version": "1.5.0",
        "pytorch_version": "1.13.1+cu117",
        "numpy_version": "1.23.1",
        "end_time_seconds": "1710532788"
    },
    "total": 1009.1758188999993,
    "count": 1,
    "self": 0.005653300002450123,
    "children": {
        "run_training.setup": {
            "total": 0.08971589999782736,
            "count": 1,
            "self": 0.08971589999782736
        },
        "TrainerController.start_learning": {
            "total": 1009.080449699999,
            "count": 1,
            "self": 0.9709415002289461,
            "children": {
                "TrainerController._reset_env": {
                    "total": 10.017094399998314,
                    "count": 1,
                    "self": 10.017094399998314
                },
                "TrainerController.advance": {
                    "total": 997.77949169977,
                    "count": 61678,
                    "self": 0.8942497999669285,
                    "children": {
                        "env_step": {
                            "total": 737.5662136998471,
                            "count": 61678,
                            "self": 573.0401040000252,
                            "children": {
                                "SubprocessEnvManager._take_step": {
                                    "total": 163.93472110016592,
                                    "count": 61678,
                                    "self": 2.652850600410602,
                                    "children": {
                                        "TorchPolicy.evaluate": {
                                            "total": 161.2818704997553,
                                            "count": 55593,
                                            "self": 161.2818704997553
                                        }
                                    }
                                },
                                "workers": {
                                    "total": 0.5913885996560566,
                                    "count": 61678,
                                    "self": 0.0,
                                    "children": {
                                        "worker_root": {
                                            "total": 1000.1671027001867,
                                            "count": 61678,
                                            "is_parallel": true,
                                            "self": 489.8766706002061,
                                            "children": {
                                                "steps_from_proto": {
                                                    "total": 0.0008309999975608662,
                                                    "count": 1,
                                                    "is_parallel": true,