{
    "name": "root",
    "gauges": {
        "AgentControl.Policy.Entropy.mean": {
            "value": 1.4021849632263184,
            "min": 1.4021741151809692,
            "max": 1.4150595664978027,
            "count": 31
        },
        "AgentControl.Policy.Entropy.sum": {
            "value": 70102.234375,
            "min": 49944.52734375,
            "max": 70661.5234375,
            "count": 31
        },
        "AgentControl.Environment.EpisodeLength.mean": {
            "value": 368.19117647058823,
            "min": 368.19117647058823,
            "max": 3146.1176470588234,
            "count": 31
        },
        "AgentControl.Environment.EpisodeLength.sum": {
            "value": 25037.0,
            "min": 16798.0,
            "max": 108195.0,
            "count": 31
        },
        "AgentControl.Step.mean": {
            "value": 1999954.0,
            "min": 499992.0,
            "max": 1999954.0,
            "count": 31
        },
        "AgentControl.Step.sum": {
            "value": 1999954.0,
            "min": 499992.0,
            "max": 1999954.0,
            "count": 31
        },
        "AgentControl.Policy.ExtrinsicValueEstimate.mean": {
            "value": 0.4942786693572998,
            "min": -0.32995906472206116,
            "max": 0.5829996466636658,
            "count": 31
        },
        "AgentControl.Policy.ExtrinsicValueEstimate.sum": {
            "value": 403.82568359375,
            "min": -261.32757568359375,
            "max": 475.14471435546875,
            "count": 31
        },
        "AgentControl.Environment.CumulativeReward.mean": {
            "value": 3.3437642499372577,
            "min": -6.858664154594235,
            "max": 4.272425231357504,
            "count": 31
        },
        "AgentControl.Environment.CumulativeReward.sum": {
            "value": 230.7197332456708,
            "min": -253.77057371998671,
            "max": 364.3617833899334,
            "count": 31
        },
        "AgentControl.Policy.ExtrinsicReward.mean": {
            "value": 3.3437642499372577,
            "min": -6.858664154594235,
            "max": 4.272425231357504,
            "count": 31
        },
        "AgentControl.Policy.ExtrinsicReward.sum": {
            "value": 230.7197332456708,
            "min": -253.77057371998671,
            "max": 364.3617833899334,
            "count": 31
        },
        "AgentControl.Losses.PolicyLoss.mean": {
            "value": 0.022160542531540463,
            "min": 0.02037771154010746,
            "max": 0.026757703429029788,
            "count": 31
        },
        "AgentControl.Losses.PolicyLoss.sum": {
            "value": 0.1108027126577023,
            "min": 0.07487111043301412,
            "max": 0.13378851714514894,
            "count": 31
        },
        "AgentControl.Losses.ValueLoss.mean": {
            "value": 0.373443744306763,
            "min": 0.12295927773540219,
            "max": 0.6928232251604398,
            "count": 31
        },
        "AgentControl.Losses.ValueLoss.sum": {
            "value": 1.8672187215338152,
            "min": 0.6147963886770109,
            "max": 3.464116125802199,
            "count": 31
        },
        "AgentControl.Policy.LearningRate.mean": {
            "value": 3.5674588108799974e-06,
            "min": 3.5674588108799974e-06,
            "max": 0.00022708277430575,
            "count": 31
        },
        "AgentControl.Policy.LearningRate.sum": {
            "value": 1.7837294054399986e-05,
            "min": 1.7837294054399986e-05,
            "max": 0.00110457748180755,
            "count": 31
        },
        "AgentControl.Policy.Epsilon.mean": {
            "value": 0.10118911999999998,
            "min": 0.10118911999999998,
            "max": 0.17569424999999997,
            "count": 31
        },
        "AgentControl.Policy.Epsilon.sum": {
            "value": 0.5059455999999999,
            "min": 0.4448715500000001,
            "max": 0.8681924499999999,
            "count": 31
        },
        "AgentControl.Policy.Beta.mean": {
            "value": 6.933708799999995e-05,
            "min": 6.933708799999995e-05,
            "max": 0.0037871430750000003,
            "count": 31
        },
        "AgentControl.Policy.Beta.sum": {
            "value": 0.00034668543999999977,
            "min": 0.00034668543999999977,
            "max": 0.018422803255000002,
            "count": 31
        },
        "AgentControl.IsTraining.mean": {
            "value": 1.0,
            "min": 1.0,
            "max": 1.0,
            "count": 31
        },
        "AgentControl.IsTraining.sum": {
            "value": 1.0,
            "min": 1.0,
            "max": 1.0,
            "count": 31
        }
    },
    "metadata": {
        "timer_format_version": "0.1.0",
        "start_time_seconds": "1710682530",
        "python_version": "3.10.12 | packaged by Anaconda, Inc. | (main, Jul  5 2023, 19:01:18) [MSC v.1916 64 bit (AMD64)]",
        "command_line_arguments": "D:\\Anaconda\\envs\\mlagents\\Scripts\\mlagents-learn ./configuration.yaml --run-id=3DObstacleTest --resume",
        "mlagents_version": "1.0.0",
        "mlagents_envs_version": "1.0.0",
        "communication_protocol_version": "1.5.0",
        "pytorch_version": "1.13.1+cu117",
        "numpy_version": "1.23.1",
        "end_time_seconds": "1710684502"
    },
    "total": 1971.2841119000004,
    "count": 1,
    "self": 0.054050200000347104,
    "children": {
        "run_training.setup": {
            "total": 0.22934329999952752,
            "count": 1,
            "self": 0.22934329999952752
        },
        "TrainerController.start_learning": {
            "total": 1971.0007184000006,
            "count": 1,
            "self": 1.8800991994048672,
            "children": {
                "TrainerController._reset_env": {
                    "total": 34.60828819999915,
                    "count": 1,
                    "self": 34.60828819999915
                },
                "TrainerController.advance": {
                    "total": 1934.4193397005965,
                    "count": 103524,
                    "self": 1.739536099948964,
                    "children": {
                        "env_step": {
                            "total": 1530.3925990003245,
                            "count": 103524,
                            "self": 1149.1469848006036,
                            "children": {
                                "SubprocessEnvManager._take_step": {
                                    "total": 380.07608109994544,
                                    "count": 103524,
                                    "self": 5.219853100206819,
                                    "children": {
                                        "TorchPolicy.evaluate": {
                                            "total": 374.8562279997386,
                                            "count": 102346,
                                            "self": 374.8562279997386
                                        }
                                    }
                                },
                                "workers": {
                                    "total": 1.1695330997754354,
                                    "count": 103524,
                                    "self": 0.0,
                                    "children": {
                                        "worker_root": {
                                            "total": 1955.6180671997554,
                                            "count": 103524,
                                            "is_parallel": true,
                                            "self": 924.1497556998529,
                                            "children": {
                                                "steps_from_proto": {
                                                    "total": 0.040442499999699066,