{
    "name": "root",
    "gauges": {
        "AgentControl.Policy.Entropy.mean": {
            "value": 1.3030126094818115,
            "min": 1.3030126094818115,
            "max": 1.420844316482544,
            "count": 10
        },
        "AgentControl.Policy.Entropy.sum": {
            "value": 65046.38671875,
            "min": 65046.38671875,
            "max": 71491.203125,
            "count": 10
        },
        "AgentControl.Environment.EpisodeLength.mean": {
            "value": 43.8815207780725,
            "min": 38.7056,
            "max": 117.07178217821782,
            "count": 10
        },
        "AgentControl.Environment.EpisodeLength.sum": {
            "value": 49630.0,
            "min": 45616.0,
            "max": 54470.0,
            "count": 10
        },
        "AgentControl.Step.mean": {
            "value": 499979.0,
            "min": 49938.0,
            "max": 499979.0,
            "count": 10
        },
        "AgentControl.Step.sum": {
            "value": 499979.0,
            "min": 49938.0,
            "max": 499979.0,
            "count": 10
        },
        "AgentControl.Policy.ExtrinsicValueEstimate.mean": {
            "value": 3.530890941619873,
            "min": -0.8312479257583618,
            "max": 3.7204501628875732,
            "count": 10
        },
        "AgentControl.Policy.ExtrinsicValueEstimate.sum": {
            "value": 5165.693359375,
            "min": -1054.8536376953125,
            "max": 5610.43896484375,
            "count": 10
        },
        "AgentControl.Environment.CumulativeReward.mean": {
            "value": 4.686737863368981,
            "min": -2.18014239283742,
            "max": 4.806566549166805,
            "count": 10
        },
        "AgentControl.Environment.CumulativeReward.sum": {
            "value": 5296.013785606949,
            "min": -1805.1579012693837,
            "max": 6008.208186458505,
            "count": 10
        },
        "AgentControl.Policy.ExtrinsicReward.mean": {
            "value": 4.686737863368981,
            "min": -2.18014239283742,
            "max": 4.806566549166805,
            "count": 10
        },
        "AgentControl.Policy.ExtrinsicReward.sum": {
            "value": 5296.013785606949,
            "min": -1805.1579012693837,
            "max": 6008.208186458505,
            "count": 10
        },
        "AgentControl.Losses.PolicyLoss.mean": {
            "value": 0.020577922472730277,
            "min": 0.020577922472730277,
            "max": 0.026416898701960845,
            "count": 10
        },
        "AgentControl.Losses.PolicyLoss.sum": {
            "value": 0.10288961236365139,
            "min": 0.0826676829562833,
            "max": 0.13208449350980422,
            "count": 10
        },
        "AgentControl.Losses.ValueLoss.mean": {
            "value": 0.3263181321819624,
            "min": 0.2864498444398244,
            "max": 1.0136303540070852,
            "count": 10
        },
        "AgentControl.Losses.ValueLoss.sum": {
            "value": 1.6315906609098119,
            "min": 1.2285653983553253,
            "max": 5.068151770035426,
            "count": 10
        },
        "AgentControl.Policy.LearningRate.mean": {
            "value": 1.659381446875999e-05,
            "min": 1.659381446875999e-05,
            "max": 0.0002845746051418,
            "count": 10
        },
        "AgentControl.Policy.LearningRate.sum": {
            "value": 8.296907234379996e-05,
            "min": 8.296907234379996e-05,
            "max": 0.0012839424720191997,
            "count": 10
        },
        "AgentControl.Policy.Epsilon.mean": {
            "value": 0.10553123999999998,
            "min": 0.10553123999999998,
            "max": 0.19485819999999998,
            "count": 10
        },
        "AgentControl.Policy.Epsilon.sum": {
            "value": 0.5276561999999999,
            "min": 0.5001206,
            "max": 0.9279808,
            "count": 10
        },
        "AgentControl.Policy.Beta.mean": {
            "value": 0.0002860088759999999,
            "min": 0.0002860088759999999,
            "max": 0.004743424180000001,
            "count": 10
        },
        "AgentControl.Policy.Beta.sum": {
            "value": 0.0014300443799999995,
            "min": 0.0014300443799999995,
            "max": 0.021406241920000003,
            "count": 10
        },
        "AgentControl.IsTraining.mean": {
            "value": 1.0,
            "min": 1.0,
            "max": 1.0,
            "count": 10
        },
        "AgentControl.IsTraining.sum": {
            "value": 1.0,
            "min": 1.0,
            "max": 1.0,
            "count": 10
        }
    },
    "metadata": {
        "timer_format_version": "0.1.0",
        "start_time_seconds": "1710515123",
        "python_version": "3.10.12 | packaged by Anaconda, Inc. | (main, Jul  5 2023, 19:01:18) [MSC v.1916 64 bit (AMD64)]",
        "command_line_arguments": "D:\\Anaconda\\envs\\mlagents\\Scripts\\mlagents-learn --run-id =3DRewardSystem",
        "mlagents_version": "1.0.0",
        "mlagents_envs_version": "1.0.0",
        "communication_protocol_version": "1.5.0",
        "pytorch_version": "1.13.1+cu117",
        "numpy_version": "1.23.1",
        "end_time_seconds": "1710515703"
    },
    "total": 579.9359672999999,
    "count": 1,
    "self": 0.005744800000684336,
    "children": {
        "run_training.setup": {
            "total": 0.028790399999707006,
            "count": 1,
            "self": 0.028790399999707006
        },
        "TrainerController.start_learning": {
            "total": 579.9014320999995,
            "count": 1,
            "self": 0.7837865001220052,
            "children": {
                "TrainerController._reset_env": {
                    "total": 9.55573700000059,
                    "count": 1,
                    "self": 9.55573700000059
                },
                "TrainerController.advance": {
                    "total": 569.4857429998756,
                    "count": 48673,
                    "self": 0.6860964994866663,
                    "children": {
                        "env_step": {
                            "total": 414.18070700023964,
                            "count": 48673,
                            "self": 284.51480610026374,
                            "children": {
                                "SubprocessEnvManager._take_step": {
                                    "total": 129.2052034999124,
                                    "count": 48673,
                                    "self": 2.2119201999539655,
                                    "children": {
                                        "TorchPolicy.evaluate": {
                                            "total": 126.99328329995842,
                                            "count": 41688,
                                            "self": 126.99328329995842
                                        }
                                    }
                                },
                                "workers": {
                                    "total": 0.4606974000635091,
                                    "count": 48673,
                                    "self": 0.0,
                                    "children": {
                                        "worker_root": {
                                            "total": 572.1913302997837,
                                            "count": 48673,
                                            "is_parallel": true,
                                            "self": 331.03944889961895,
                                            "children": {
                                                "steps_from_proto": {
                                                    "total": 0.0005939999991824152,
                                                    "count": 1,